<?xml version="1.0" encoding="UTF-8"?>
<comment version="3.0">
  <caption>hands using tablet computer on desk background</caption>
  <note>composite of hands using tablet computer on desk background</note>
  <place/>
  <categories>
    <category value="Using"/>
    <category value="Typing"/>
    <category value="Laptop"/>
    <category value="Notebook"/>
    <category value="Technology"/>
    <category value="Computer"/>
    <category value="Wireless"/>
    <category value="Mouse"/>
    <category value="Pen"/>
    <category value="Pencil Pot"/>
    <category value="Diary"/>
    <category value="Agenda"/>
    <category value="Planner"/>
    <category value="Organizer"/>
    <category value="Organizing"/>
    <category value="Planning"/>
    <category value="Notepad"/>
    <category value="Pot"/>
    <category value="Plant"/>
    <category value="Green"/>
    <category value="Leaves"/>
    <category value="Wooden"/>
    <category value="Plank"/>
    <category value="Digital"/>
    <category value="Digitally Generated"/>
    <category value="Computer Graphic"/>
    <category value="Grey"/>
    <category value="Vignette"/>
    <category value="White"/>
    <category value="Wallpaper"/>
    <category value="Background"/>
    <category value="Isolated"/>
    <category value="Cut Out"/>
    <category value="Business"/>
    <category value="Corporate"/>
    <category value="Professional"/>
    <category value="Career"/>
    <category value="Businesswoman"/>
    <category value="Job"/>
    <category value="Business Casual"/>
    <category value="Standing"/>
    <category value="Holding"/>
    <category value="Tablet Computer"/>
    <category value="Touchscreen"/>
    <category value="Digital Tablet"/>
    <category value="Scrolling"/>
    <category value="Touching"/>
    <category value="Tablet Pc"/>
    <category value="Tablet"/>
  </categories>
</comment>
